weight,rating,height,age,category,color,rented for
-1.5,1.668266340480877,-1.7336902313221418,-1.3489065468669243,0,2,2
-0.5,-1.179993265218181,-0.2261335084333243,0.18394180184549017,1,0,1
0.5,0.4475836523241389,0.5276448530110878,1.7167901505579046,0,1,2
1.5,-0.7730990358326011,1.2814232144554933,-0.4291975376394756,2,2,1
0.0,-0.162757691754232,0.1507556722888784,-0.12262786789699272,1,0,0
